complaint_id,creation_date,process_date,customer_id,subcategory,claimed_amount,currency,priority,status
CMP-00S1HG83LDDGTGIS2FIR,2026-01-07,2026-06-11,CLI-5SGNHKSEJT9C,Calidad de servicio,,,Low,Open
CMP-00S69VNY831U04IVF5I9,2024-04-06,2026-06-11,CLI-9F78FIOCWNUB,Calidad de servicio,,,Medium,In Process
CMP-00T6I5UVIAXPI56W5EHA,2024-01-10,2026-06-11,CLI-7WB58VHT508T,,4682.57,USD,Medium,Open
CMP-00V8X19F5G7QGY7MFBQH,2023-07-15,2026-06-11,CLI-0LY5GR792CJ4,Cargo no reconocido,4759.42,ARS,Low,Open
CMP-00VDFNX98B5HBQ9I2JSZ,2025-04-10,2026-06-11,CLI-AT1N2WV13C1S,Cargo no reconocido,,,High,Resolved
CMP-00XZPUN8YSTXVKD3Q9KL,2023-08-22,2026-06-11,CLI-BXTXF06XZVMK,Calidad de servicio,,,Low,Escalated
CMP-00YIVWFXKO0CQS88OVP4,2024-06-08,2026-06-11,CLI-7PLYP1W7BY33,Problema con app,,,Medium,In Process
CMP-00YJGCJN8IW6SOPSFRZ2,2023-10-16,2026-06-11,CLI-IZJNXD1E31DK,Atención en sucursal,4508.74,MXN,Medium,Open
CMP-00YPULCDN8JJPDZ90LWQ,2024-07-27,2026-06-11,CLI-49TV8XRAYY4T,Cobro indebido,,,Low,Escalated
CMP-00YYZ6TWGPCDHKZ3J0KD,2026-04-02,2026-06-11,CLI-03GRCPKAP9A8,Problema con app,,,Medium,Closed
CMP-00ZS7IAWBYAI9XZGT8TY,2026-03-31,2026-06-11,CLI-Q5HYG01QRN8O,Problema con app,,,Medium,In Process
CMP-0101RSM1BB13Z1QDT5PC,2023-12-25,2026-06-11,CLI-4ZLBS1QXHOI6,Cargo no reconocido,,,High,In Process
CMP-010GEKQGWEAE0UJCJUJE,2024-12-25,2026-06-11,CLI-QJRC80RBFG94,Cobro indebido,,,Medium,Open
CMP-011SKG375NRVP02R3MYJ,2025-07-10,2026-06-11,CLI-O4WUM6IDB7FU,Cobro indebido,,,Medium,In Process
CMP-012923ILI9MNR81MACCF,2025-09-14,2026-06-11,CLI-0DGP1ZU37AJO,Atención en sucursal,,,Medium,In Process
CMP-013LBIOHAPJP6GHIX6AA,2026-03-26,2026-06-11,CLI-XQDY7M988CPO,Atención en sucursal,,,Medium,Resolved
CMP-01420Z2S2ZW8BKH2QZWA,2025-07-10,2026-06-11,CLI-DF8ZTZ58X95P,,,,Medium,Open
CMP-014AYEZI1INKHSVRIZRM,2023-12-30,2026-06-11,CLI-BJHUARGIZVUR,Cargo no reconocido,2542.36,MXN,Medium,In Process
CMP-014DRG1ZZKF6O01N84D5,2025-04-21,2026-06-11,CLI-ZKJ7L4ZGA4QE,,,,Medium,In Process
CMP-014W0HCUHV71FOI312WA,2024-08-18,2026-06-11,CLI-8RTTXUEM0H5A,,,,Medium,Resolved
CMP-014ZGLZOIPI3NPRZ8W15,2024-06-07,2026-06-11,CLI-LB5M9PFAJ856,Cobro indebido,4646.25,MXN,Low,In Process
CMP-015ZAM7EEKYH0HCA1DXZ,2025-03-15,2026-06-11,CLI-V5VQ30P0ETGW,Cobro indebido,4431.82,USD,Low,Open
CMP-017N4ISYCIMUFK0CHITX,2024-06-06,2026-06-11,CLI-A3RW6UQL2YN0,Problema con app,1216.88,ARS,High,In Process
CMP-0183BR3LLX0KF60VN71A,2024-12-12,2026-06-11,CLI-GZ011HVA0I5A,,,,High,Resolved
CMP-019QZ1ZJK81TQ2Z20JGW,2024-02-29,2026-06-11,CLI-2HVS7H0G4SZ6,Atención en sucursal,,,High,In Process
CMP-01BQQ329L21YWBWEMT46,2024-11-06,2026-06-11,CLI-EC9U7Y2XAS3Y,Calidad de servicio,4001.57,COP,Medium,In Process
CMP-01DGLZ8MBKBDY564GQ3D,2023-08-10,2026-06-11,CLI-OXLVZZF6QM5A,Atención en sucursal,,,Medium,Escalated
CMP-01DUTS6TUUBGP7UIPSYN,2025-12-16,2026-06-11,CLI-G8NUQ6U1THPI,Cobro indebido,3277.69,ARS,Medium,Resolved
CMP-01EB3I4H9WP2QSFKK609,2024-01-02,2026-06-11,CLI-DA6EAWR3U3Z4,Cargo no reconocido,4679.03,COP,Medium,In Process
CMP-01FBHOS7D6QY6LF28Y7J,2023-12-23,2026-06-11,CLI-JMV6ZP1WPIYQ,Cobro indebido,3502.82,ARS,High,Open
CMP-01FITB7WRFSX8RZJGBZ6,2024-01-30,2026-06-11,CLI-YBKNDAQFSXS5,,,,High,Open
CMP-01G5QH6P3LOMIMF76MDV,2026-02-08,2026-06-11,CLI-9IX4B1P7VBOB,Atención en sucursal,1089.31,MXN,Medium,In Process
CMP-01H0J96GCKKJ93N0MRCI,2026-02-01,2026-06-11,CLI-82YE46G34O04,Atención en sucursal,,,Critical,Escalated
CMP-01H5TZ43OCRVKGGLWMLB,2024-06-07,2026-06-11,CLI-79ME9PWHR6MT,,,,Low,Open
CMP-01HGX7K8WN8ONNC9KJLF,2024-03-11,2026-06-11,CLI-XJUZTOB42OT0,Problema con app,4553.29,MXN,Medium,Open
CMP-01HOBFJBNMRJCQ46HJ9E,2024-04-19,2026-06-11,CLI-HYSF363XGMUD,Atención en sucursal,,,Medium,In Process
CMP-01KE6GKW472059SFSION,2025-12-17,2026-06-11,CLI-174MTORKTWJP,Cobro indebido,,,Medium,Open
CMP-01N07WQN729DA6XSQZIO,2024-07-01,2026-06-11,CLI-HZ3UMS3E748D,Calidad de servicio,,,Medium,Resolved
CMP-01N6H1ZYI7PHTIAUP8TJ,2025-01-17,2026-06-11,CLI-P26B57NUIOI6,Calidad de servicio,3289.89,MXN,Medium,Open
CMP-01O841ET301J8JEPK3J6,2026-05-13,2026-06-11,CLI-5PGY1XI80WZ4,Cobro indebido,,,Medium,Open
