complaint_id,creation_date,process_date,customer_id,subcategory,claimed_amount,currency,priority,status,case_channel_detail
CMP-01OCHM13ZMXB2AK5532Q,2024-03-29,2026-06-12,CLI-VV0JK76X4O1V,Cobro indebido,,,Medium,Resolved,app_v2
CMP-01OK9WAA206AF6UA67B0,2024-10-09,2026-06-12,CLI-1GWFHCIBH324,Cargo no reconocido,4747.36,USD,Medium,In Process,app_v2
CMP-01P16TMJB3MN69IJAGOH,2023-11-23,2026-06-12,CLI-W3YJYAC27L8K,Cargo no reconocido,,,Medium,In Process,app_v2
CMP-01PDOCLYAG6CCPG7JDBD,2025-04-25,2026-06-12,CLI-8VE9FZOOLNXK,Cargo no reconocido,,,High,In Process,app_v2
CMP-01PLCAW7EO6XFH8TADW5,2023-08-17,2026-06-12,CLI-U5PGNF4C7RN2,Cobro indebido,,,Medium,In Process,app_v2
CMP-01PORSV70XT9UCV5CRE2,2025-03-01,2026-06-12,CLI-851ALVGYXA1M,Atención en sucursal,,,High,Open,app_v2
CMP-01QA86L0487QCEA98IUC,2023-10-19,2026-06-12,CLI-6QDCTFJAAMIV,Problema con app,,,Medium,Open,app_v2
CMP-01QCXNCRLV1VD1UMWQJZ,2026-02-04,2026-06-12,CLI-1B7Q53QGS4ZS,Problema con app,,,Medium,In Process,app_v2
CMP-01R7YBZUM02RZ87IZ5E8,2023-12-20,2026-06-12,CLI-06MUGUGYXXCN,Cargo no reconocido,,,High,Open,app_v2
CMP-01RFHYG85V0E11YIN69N,2024-07-17,2026-06-12,CLI-VYSV98EUGR6F,Cobro indebido,2576.16,USD,Medium,Resolved,app_v2
CMP-01SYPLDMVP82MAZF6R9U,2026-03-30,2026-06-12,CLI-GP3COYXL70G9,Problema con app,,,Low,Open,app_v2
CMP-01SZ09DB99L0IIJS7F89,2023-10-08,2026-06-12,CLI-O7X4AK7YE61W,,,,Low,In Process,app_v2
CMP-01TQ6A1WXYV4YJJS214F,2025-07-29,2026-06-12,CLI-888523NYOQCO,Calidad de servicio,4689.54,USD,Low,In Process,app_v2
CMP-01VNX20EFUREDS6BDCQ5,2025-08-22,2026-06-12,CLI-BSAQQT7LLVU3,Cargo no reconocido,,,Medium,In Process,app_v2
CMP-01W3CJB43IXZAH690C4Z,2026-06-04,2026-06-12,CLI-IQ4Y7ZT7LQU9,Cobro indebido,,USD,High,In Process,app_v2
CMP-01WE2LT6E8A8R9R65MEY,2024-01-06,2026-06-12,CLI-AXXPNCGP4S8F,Cargo no reconocido,,,Medium,Resolved,app_v2
CMP-01XCLPXKCZRJDFFLVVP0,2024-07-26,2026-06-12,CLI-SEXAMOMS7AWS,Atención en sucursal,,,High,Resolved,app_v2
CMP-01XLMGDKULDNXM6YCY0M,2025-01-13,2026-06-12,CLI-CMLOO87FDBN4,Cargo no reconocido,,,Low,Closed,app_v2
CMP-01XOI88P5F4RPJHY59SV,2026-01-16,2026-06-12,CLI-UMN2DZ40IPZD,Problema con app,,,High,In Process,app_v2
CMP-01XWYAUVRRHSJTBPCB2R,2024-11-20,2026-06-12,CLI-Z2TMS0R7FRDN,Cargo no reconocido,3994.5,USD,High,Escalated,app_v2
CMP-01Y4HK5TSX28Y8QT9ZD0,2025-04-28,2026-06-12,CLI-OZBI15W76ML0,Cobro indebido,2325.74,MXN,Medium,In Process,app_v2
CMP-01YOC3W5N7Z5PT2HGRLJ,2026-01-01,2026-06-12,CLI-Q13MG05YG2M6,Atención en sucursal,,,High,Closed,app_v2
CMP-01Z9AURY9HEVJ7N7BCD8,2025-04-07,2026-06-12,CLI-OFZ2JC3YEXML,Atención en sucursal,,,Low,In Process,app_v2
CMP-01ZUP5DU2EBBYJV4LD6S,2023-09-29,2026-06-12,CLI-35WSJXT3QQD1,Cobro indebido,,,High,Open,app_v2
CMP-020KC2PTI8REGS4AP9JV,2024-10-01,2026-06-12,CLI-IP3B0T932H87,,,,Low,In Process,app_v2
CMP-022E5SHLLV54OXGCCRYD,2024-02-11,2026-06-12,CLI-JJCTZ8BFB6A9,,,,Medium,In Process,app_v2
CMP-023XJGSDMNM3JBVUA1P4,2024-02-16,2026-06-12,CLI-FCQDLDLTBLUO,Atención en sucursal,,,Medium,In Process,app_v2
CMP-025U7EDXTTYD29HOL5NA,2024-01-04,2026-06-12,CLI-W3LZYPXEN6GY,Atención en sucursal,1982.3,MXN,Medium,Open,app_v2
CMP-026K0HDFASGM4AP75803,2026-04-16,2026-06-12,CLI-48HKUNV0M9G8,Problema con app,,ARS,Critical,In Process,app_v2
CMP-026QRMCO08W0ZICO4INZ,2026-05-10,2026-06-12,CLI-9C51Q5LSPOC8,Calidad de servicio,,,Medium,Open,app_v2
CMP-027HTL7G2J5ERPT95L25,2024-09-06,2026-06-12,CLI-ESLISGEPRQZU,Cobro indebido,,,High,Rejected,app_v2
CMP-028DBQI60WZY31W31NF7,2024-03-16,2026-06-12,CLI-SXQQHDBK4DTJ,Problema con app,,,High,Rejected,app_v2
CMP-029QRDMEDV6FZA6U6KZM,2025-02-26,2026-06-12,CLI-DR85JHX7EPQB,Cargo no reconocido,,,Critical,Resolved,app_v2
CMP-02A7NUHSXB5M968WF617,2024-09-14,2026-06-12,CLI-QGL9PBP2DUZC,Cobro indebido,,,High,Resolved,app_v2
CMP-02AM57F9413FACD3ICD7,2024-09-23,2026-06-12,CLI-4D5J85WPX67O,Problema con app,,,Medium,In Process,app_v2
CMP-02BG9QYKNDX5YIEDX505,2025-05-17,2026-06-12,CLI-Y2O7OI5KPMV4,,,,Medium,In Process,app_v2
CMP-02BHXCN2CS8SW7HRMG02,2025-01-01,2026-06-12,CLI-IHYGLQ79XA7F,,,,Medium,Resolved,app_v2
CMP-02BJHZDIUWBIGPFTMMZ8,2025-10-09,2026-06-12,CLI-X253LC9YUZGR,Problema con app,,,Medium,Open,app_v2
CMP-02CPGK6TD0DGN76BJN23,2024-11-26,2026-06-12,CLI-QIXFBKOROQ7A,Problema con app,,,Medium,Closed,app_v2
CMP-02DAKFTQ2F534NZPYIT2,2025-07-18,2026-06-12,CLI-BQT3HOAJFPOM,,3402.28,USD,Medium,Open,app_v2
CMP-02DEFAE9BKT29W988HXV,2024-08-19,2026-06-12,CLI-CNO683ZGHQ82,Problema con app,,,Medium,In Process,app_v2
CMP-02DVYSFJ7ETQLB3LZ2UA,2023-07-15,2026-06-12,CLI-V36RHDT3Q0UE,Problema con app,3088.67,USD,High,In Process,app_v2
CMP-02EGCPV144TOXG5YFJ7M,2025-04-01,2026-06-12,CLI-F5XLQ74JOU91,Calidad de servicio,,,Medium,In Process,app_v2
CMP-02FKXN4TE2SPOPFCII4R,2023-09-13,2026-06-12,CLI-UIDIQIFBGRTQ,Calidad de servicio,,,Medium,Resolved,app_v2
CMP-02FQD9N8NML8Y88PLPB9,2025-08-08,2026-06-12,CLI-F5XGM29N4CRU,Cargo no reconocido,256.55,MXN,Low,Open,app_v2
CMP-000P3Q3VK8DRP89MGDT8,2025-07-24,2026-06-12,CLI-C834EL7NBBVK,Cargo no reconocido,,,High,Resolved,app_v2
CMP-0010RFZPRZG040O9UFUD,2024-03-29,2026-06-12,CLI-93BNDS6VKTVS,Atención en sucursal,,,Medium,Resolved,app_v2
CMP-00150MRGI6YS9FLRDLQD,2024-09-25,2026-06-12,CLI-I4NWNWN6Z76R,Cobro indebido,4424.42,MXN,Critical,Resolved,app_v2
CMP-001RCP3PJ6BT8SSTOIRO,2025-07-06,2026-06-12,CLI-ZZCA73T1AGXJ,Problema con app,,,Medium,Resolved,app_v2
CMP-001YXTSO69N2469AH7IJ,2025-03-27,2026-06-12,CLI-MZVOG7458CZG,Cobro indebido,591.34,ARS,Medium,Resolved,app_v2
